codigo;Tipo;Equipamentos;unid;C u s t o Produtivo;C u s t o Improdutivo;C u s t o Parado;C u s t o Aluguel;HORA-MAQUINA
01.001.000001;EQ;Gerador de vapor de aço inox com reservatório e quadro de comando digital para sauna úmida (potência: 6,0 kW / volume do ambiente: 6,0 m³ / tensão: 220 / 380 V);UN;;;;1;;
01.001.000002;EQ;Gerador de vapor de aço inox com reservatório e quadro de comando digital para sauna úmida (potência: 12,0 kW / tensão: 220 / 380 V / volume do ambiente: 18,0 m³);UN;;;;1;;
01.001.000003;EQ;Gerador de vapor de aço inox com reservatório e quadro de comando digital para sauna úmida (potência: 18,0 kW / tensão: 220 / 380 V / volume do ambiente: 30,0 m³);UN;;;;1;;
01.001.000004;EQ;Forno elétrico em chapa de aço carbono galvanizado com calha defletor e quadro de comando digital acabamento em aço inox espelhado para sauna seca (potência: 4,0 kW / volume do ambiente: 6,0 m³ / tensão: 220 V);UN;;;;1;;
01.001.000005;EQ;Forno elétrico em chapa de aço carbono galvanizado com calha defletor e quadro de comando digital acabamento em aço inox espelhado para sauna seca (tensão: 220 V / volume do ambiente: 20,0 m³ / potência: 10,0 kW);UN;;;;1;;
01.001.000006;EQ;Forno elétrico em chapa de aço carbono galvanizado com calha defletor e quadro de comando digital acabamento em aço inox espelhado para sauna seca (potência: 12,0 kW / tensão: 220 V / volume do ambiente: 30,0 m³);UN;;;;1;;
01.002.000002;EQ;Conjunto motor-bomba - centrífuga trifásico para recalque de água (potência: 1/3 HP / altura manométrica: 12 m / vazão: 6,8 m³/h);UN;;;;1;;
01.002.000003;EQ;Bomba de drenagem submersa elétrica (capacidade: 7 l/s / potência: 1,2 kW);UN;;;;1;;
01.002.000004;EQ;Conjunto motor-bomba - centrífuga trifásico para recalque de água (potência: 3 HP / altura manométrica: 33 m / vazão: 13,5 m³/h);UN;;;;1;;
01.002.000005;EQ;Bomba de drenagem submersa elétrica (capacidade: 28 l/s / potência: 4,3 kW);UN;;;;1;;
01.002.000007;EQ;Conjunto motor-bomba - centrífuga trifásico para recalque de água (potência: 10,00 HP / altura manométrica: 60 m / vazão: 30,6 m³/h);UN;;;;1;;
01.002.000008;EQ;Conjunto motor-bomba - centrífuga trifásico para recalque de água (potência: 3/4 HP / altura manométrica: 20 m / vazão: 10,8 m³/h);UN;;;;1;;
01.002.000009;EQ;Conjunto motor-bomba - centrífuga trifásico para recalque de água (potência: 1/2 HP / altura manométrica: 16 m / vazão: 8,3 m³/h);UN;;;;1;;
01.002.000010;EQ;Bomba de drenagem submersa elétrica (capacidade: 16 l/s / potência: 2,7 kW);UN;;;;1;;
01.002.000011;EQ;Conjunto motor-bomba - centrífuga trifásico para recalque de água (potência: 2,00 HP / altura manométrica: 28 m / vazão: 11,9 m³/h);UN;;;;1;;
01.002.000012;EQ;Bomba de drenagem submersa elétrica (capacidade: 50 l/s / potência: 9,2 kW);UN;;;;1;;
01.002.000013;EQ;Conjunto motor-bomba - centrífuga trifásico para recalque de água (potência: 5,00 HP / altura manométrica: 39 m / vazão: 19 m³/h);UN;;;;1;;
01.002.000014;EQ;Bomba de drenagem submersa diesel (capacidade: 16,6 l/s / potência: 3,7 kW);UN;;;;1;;
01.002.000015;EQ;Conjunto motor-bomba - centrífuga trifásico para recalque de água (vazão: 25,4 m³/h / potência: 7,50 HP / altura manométrica: 45 m);UN;;;;1;;
01.002.000016;EQ;Bomba de drenagem submersa gasolina (capacidade: 16,6 l/s / potência: 4,1 kW);UN;;;;1;;
01.004.000002;EQ;Trator sobre esteiras diesel lâmina tipo angulagem e inclinação hidráulica variável (capacidade da lâmina: 1,53 m³ / potência: 70 HP);UN;;;;1;;
01.004.000003;EQ;Trator sobre esteiras diesel lâmina tipo angulagem e inclinação hidráulica variável (capacidade da lâmina: 1,84 m³ / potência: 80 HP);UN;;;;1;;
01.004.000004;EQ;Trator de lâmina sobre esteiras diesel (potência: 110 HP / capacidade: 2,6 m³);UN;;;;1;;
01.004.000005;EQ;Trator sobre esteiras diesel lâmina tipo angulagem e inclinação hidráulica (capacidade da lâmina: 2,34 m³ / potência: 90 HP);UN;;;;1;;
01.004.000006;EQ;Trator sobre esteiras diesel lâmina tipo angulagem e inclinação hidráulica com passo variável (capacidade da lâmina: 2,60 m³ / potência: 121 HP);UN;;;;1;;
01.004.000007;EQ;Trator sobre esteiras diesel lâmina tipo angulagem e inclinação hidráulica com passo variável (capacidade da lâmina: 3,16 m³ / potência: 145 HP);UN;;;;1;;
01.004.000008;EQ;Trator sobre esteiras diesel lâmina tipo semi-universal (capacidade da lâmina: 4,28 m³ / potência: 150 HP);UN;;;;1;;
01.004.000009;EQ;Trator sobre esteiras diesel lâmina tipo angulável (capacidade da lâmina: 3,93 m³ / potência: 185 HP);UN;;;;1;;
01.004.000010;EQ;Trator sobre esteiras diesel lâmina tipo reta (capacidade da lâmina: 3,70 m³ / potência: 200 HP);UN;;;;1;;
01.004.000011;EQ;Trator sobre esteiras diesel lâmina tipo universal (capacidade da lâmina: 8,34 m³ / potência: 240 HP);UN;;;;1;;
01.004.000012;EQ;Trator sobre esteiras diesel lâmina tipo universal (capacidade da lâmina: 11,70 m³ / potência: 305 HP);UN;;;;1;;
01.004.000013;EQ;Trator sobre esteiras diesel lâmina tipo semi-universal (capacidade da lâmina: 8,70 m³ / potência: 310 HP);UN;;;;1;;
01.004.000014;EQ;Trator sobre esteiras diesel lâmina tipo universal (capacidade da lâmina: 16,40 m³ / potência: 410 HP);UN;;;;1;;
01.004.000015;EQ;Trator de lâmina sobre esteiras diesel (potência: 165 HP / capacidade: 3,8 m³);UN;;;;1;;
01.004.000016;EQ;Trator de lâmina sobre esteiras diesel (potência: 240 HP / capacidade: 4,1 m³);UN;;;;1;;
01.004.000017;EQ;Trator de lâmina sobre esteiras diesel com escarificador (potência: 165 HP / capacidade: 3,8 m³);UN;;;;1;;
01.004.000018;EQ;Trator sobre pneus diesel (potência: 36 HP);UN;;;;1;;
01.004.000019;EQ;Trator sobre pneus diesel (potência: 61 HP);UN;;;;1;;
01.004.000020;EQ;Trator sobre pneus diesel (potência: 74 HP);UN;;;;1;;
01.004.000021;EQ;Trator sobre pneus diesel (potência: 88 HP);UN;;;;1;;
01.004.000022;EQ;Trator sobre pneus diesel (potência: 99 HP);UN;;;;1;;
01.004.000023;EQ;Trator sobre pneus diesel (potência: 120 HP);UN;;;;1;;
01.004.000024;EQ;Trator sobre pneus diesel (potência: 143 HP);UN;;;;1;;
01.004.000025;EQ;Trator sobre pneus diesel (potência: 163 HP);UN;;;;1;;
01.004.000026;EQ;Microtrator com aparador de grama (potência: 11 HP);UN;;;;1;;
01.004.000027;EQ;Trator de lâmina sobre esteiras diesel (potência: 90 HP / capacidade: 2 m³);UN;;;;1;;
01.005.000004;EQ;Motosserra gasolina (cilindrada: 91,6 CM³ / potência: 5,2 kW);UN;;;;1;;
01.005.000005;EQ;Serra circular manual elétrica (potência: 1 kW);UN;;;;1;;
01.005.000006;EQ;Roçadeira costal gasolina (potência: 2 HP);UN;;;;1;;
01.005.000007;EQ;Maçarico de corte e solda;UN;;;;1;;
01.005.000008;EQ;Soldadora elétrica (capacidade: 400 A / potência: 88 kW);UN;;;;1;;
01.005.000009;EQ;Motosserra gasolina (cilindrada: 60,3 CM³ / potência: 2,8 kW);UN;;;;1;;
01.005.000010;EQ;Serra elétrica para corte de pavimento (potência: 7,5 HP);UN;;;;1;;
01.005.000011;EQ;Roçadeira rebocável (faixa de trabalho: 2m);UN;;;;1;;
01.005.000012;EQ;Motosserra gasolina (cilindrada: 72,2 CM³ / potência: 3,9 kW);UN;;;;1;;
01.005.000013;EQ;Serra gasolina para corte de pavimento (potência: 8 HP);UN;;;;1;;
01.005.000014;EQ;Motosserra gasolina (cilindrada: 89,2 CM³ / potência: 4,3 kW);UN;;;;1;;
01.005.000015;EQ;Serra gasolina para corte de pavimento (potência: 13 HP);UN;;;;1;;
01.005.000015;EQ;Maçarico de corte e solda com cabeça cortadora - vida útil 10.000 h;MÊS;;;;1;;
01.006.000001;EQ;Compressor de ar de ar portátil rebocável diesel (capacidade: 116 pcm / potência: 63 HP);UN;;;;1;;
01.006.000002;EQ;Compressor de ar de ar portátil rebocável diesel (capacidade: 149 pcm / potência: 62 HP);UN;;;;1;;
01.006.000003;EQ;Compressor de ar de ar portátil rebocável diesel (capacidade: 200 pcm / potência: 78 HP);UN;;;;1;;
01.006.000004;EQ;Compressor de ar de ar portátil rebocável diesel (capacidade: 295 pcm/ potência: 78 HP);UN;;;;1;;
01.006.000005;EQ;Compressor de ar de ar portátil rebocável diesel (capacidade: 360 pcm / potência: 119 HP);UN;;;;1;;
01.006.000006;EQ;Compressor de ar de ar portátil rebocável diesel (capacidade: 678 pcm  / potência: 269 HP);UN;;;;1;;
01.006.000007;EQ;Compressor de ar de ar portátil rebocável diesel (capacidade: 762 pcm  / potência: 269 HP);UN;;;;1;;
01.006.000008;EQ;Compressor de ar de ar portátil rebocável diesel (capacidade: 891 pcm / potência: 269 HP);UN;;;;1;;
01.007.000001;EQ;Grupo gerador diesel para força (capacidade: 44 kVA / potência: 35 kW);UN;;;;1;;
01.007.000002;EQ;Grupo gerador diesel para força (capacidade: 65 kVA / potência: 50 kW);UN;;;;1;;
01.007.000003;EQ;Grupo gerador diesel para força (capacidade: 75 kVA / potência: 60 kW);UN;;;;1;;
01.007.000004;EQ;Grupo gerador diesel para força (capacidade: 188 kVA / potência: 150 kW);UN;;;;1;;
01.007.000005;EQ;Grupo gerador diesel para força (capacidade: 250 kVA / potência: 200 kW);UN;;;;1;;
01.007.000006;EQ;Grupo gerador diesel para força (capacidade: 313 kVA / potência: 265 kW);UN;;;;1;;
01.007.000007;EQ;Grupo gerador diesel para força (capacidade: 344 kVA / potência: 300 kW);UN;;;;1;;
01.007.000008;EQ;Grupo gerador diesel para solda (capacidade: 40/375 A / potência: 31 kW);UN;;;;1;;
01.007.000009;EQ;Grupo gerador diesel para solda (capacidade: 60/600 A / potência: 37 kW);UN;;;;1;;
01.009.000001;EQ;Jateadora de areia pneumática (capacidade: 270 l);UN;;;;1;;
01.011.000001;EQ;Termofusor básico sem bocais (diâmetro do bocal: 20/63 mm / potência: 800 W / tensão: 220 V);UN;;;;1;;
01.011.000002;EQ;Termofusor básico sem bocais (diâmetro do bocal: 20/110 mm / potência: 1400 W / tensão: 220 V);UN;;;;1;;
01.011.000003;EQ;Termofusor de bancada básico (diâmetro do bocal: 20/90 mm / potência: 1000 W / tensão: 220 V);UN;;;;1;;
01.012.000001;EQ;Cortardora de ferro elétrica (potência: 5 HP / capacidade de corte: CA-25 até 32 mm e CA-50 até 25 mm);UN;;;;1;;
01.012.000002;EQ;Cortardora de ferro elétrica (potência: 7,5 HP / capacidade de corte: CA-25 até 40 mm e CA-50 até 32 mm);UN;;;;1;;
01.012.000003;EQ;Cortardora de ferro manual (capacidade de corte: CA-25 até 32 mm e CA-50 até 25 mm);UN;;;;1;;
01.012.000004;EQ;Dobradora de ferro elétrica (potência: 3 HP / capacidade de dobra: CA-25 até 25 mm e CA-50 até 20 mm);UN;;;;1;;
01.012.000005;EQ;Dobradora de ferro elétrica (potência: 5 HP / capacidade de dobra: CA-25 até 32 mm e CA-50 até 25 mm);UN;;;;1;;
01.012.000006;EQ;Bate-estacas com martelo de 0,8 t diesel (potência: 13 HP);UN;;;;1;;
01.012.000007;EQ;Bate-estacas com martelo de 1,5 t diesel (potência: 29 HP);UN;;;;1;;
01.012.000008;EQ;Bate-estacas com martelo de 2,2 t diesel (potência: 40 HP);UN;;;;1;;
01.012.000009;EQ;Bate-estacas com martelo de 3,0 t diesel (potência: 58 HP);UN;;;;1;;
01.012.000010;EQ;Bate-estacas com martelo de 4,0 t diesel (potência: 120 HP);UN;;;;1;;
01.012.000011;EQ;Campânula para ar comprimido;UN;;;;1;;
01.012.000012;EQ;Bate-estacas "in loco" com pilão de 1 t diesel (potência: 40 HP);UN;;;;1;;
01.014.000004;EQ;Vibrador de imersão elétrico (potência: 1 HP);UN;;;;1;;
01.014.000006;EQ;Bomba de concreto rebocável diesel (capacidade: 30 m³/h / potência: 67 HP);UN;;;;1;;
01.014.000007;EQ;Bomba de concreto rebocável elétrica (capacidade: 35 m³/h / potência: 74 HP);UN;;;;1;;
01.014.000008;EQ;Bomba de concreto rebocável elétrica (capacidade: 53 m³/h / potência: 154 HP);UN;;;;1;;
01.014.000009;EQ;Bomba de argamassa rebocável elétrica tipo helicoidal (potência: 5,4 HP / capacidade: 0,4 a 2,4 m³/h);UN;;;;1;;
01.014.000010;EQ;Bomba de argamassa rebocável elétrica misturadora para projeção de gesso (potência: 7,4 HP/capacidade: 1,30 m³/h);UN;;;;1;;
01.014.000011;EQ;Argamassadeira elétrica (capacidade: 3,5 m³/h / potência: 3 HP);UN;;;;1;;
01.014.000012;EQ;Betoneira para caminhão (capacidade: 5 m³);UN;;;;1;;
01.014.000013;EQ;Betoneira elétrica trifásico (potência: 0,33 HP / capacidade: 120 l);UN;;;;1;;
01.014.000014;EQ;Usina de concreto (capacidade: 75 m³/h / potência: 62 HP);UN;;;;1;;
01.014.000015;EQ;Distribuidor de agregados rebocável (faixa de trabalho: 3,6 m);UN;;;;1;;
01.014.000016;EQ;Betoneira para caminhão (capacidade: 7 m³);UN;;;;1;;
01.014.000017;EQ;Betoneira elétrica (potência: 1 HP / capacidade: 250 l);UN;;;;1;;
01.014.000018;EQ;Usina de concreto (capacidade: 90 m³/h / potência: 91 HP);UN;;;;1;;
01.014.000019;EQ;Distribuidor de betume rebocável com aquecedor descarga por bomba (capacidade: 600 l / potência: 3,4 HP);UN;;;;1;;
01.014.000020;EQ;Vibrador de imersão gasolina (potência: 3 HP);UN;;;;1;;
01.014.000021;EQ;Betoneira elétrica bimotor (potência: 6 HP / capacidade: 600 l);UN;;;;1;;
01.014.000022;EQ;Distribuidor de betume rebocável com aquecedor descarga por gravidade (capacidade: 600 l);UN;;;;1;;
01.014.000023;EQ;Betoneira elétrica monofásico (potência: 2 HP / capacidade: 400 l);UN;;;;1;;
01.014.000024;EQ;Distribuidor de betume rebocável com aquecedor descarga por bomba (capacidade: 1200 l / potência: 3,4 HP);UN;;;;1;;
01.014.000025;EQ;Bomba de concreto rebocável diesel (capacidade: 57 m³/h / potência: 100 HP);UN;;;;1;;
01.014.000026;EQ;Distribuidor de betume rebocável com aquecedor descarga por bomba (capacidade: 2400 l / potência: 10 HP);UN;;;;1;;
01.014.000027;EQ;Distribuidor de betume rebocável com aquecedor descarga por gravidade (capacidade: 1200 l);UN;;;;1;;
01.015.000008;EQ;Rolo compactador autopropelido vibratório com pneus de tração e cilindro pé-de-carneiro em aço diesel (Peso operacional: 15,25 t / potência: 150 HP);UN;;;;1;;
01.015.000009;EQ;Régua vibratória simples elétrica para concreto (potência: 0,5 HP / faixa de trabalho: 2,8 m);UN;;;;1;;
01.015.000010;EQ;Régua vibratória dupla elétrica para concreto (potência: 1 HP / faixa de trabalho: 3 m);UN;;;;1;;
01.015.000011;EQ;Desempenadeira elétrica (potência: 3 HP);UN;;;;1;;
01.015.000012;EQ;Tanque irrigador com barra de irrigação e bico de pato (capacidade: 8000 l);UN;;;;1;;
01.015.000013;EQ;Usina de asfalto (capacidade: 80 t / potência: 117 kW);UN;;;;1;;
01.015.000014;EQ;Rolo compactador autopropelido vibratório tipo tandem com cilindros lisos em aço diesel (potência 50 HP / peso operacional: 4 t);UN;;;;1;;
01.015.000015;EQ;Motoescreiper sobre pneus diesel (potência: 265 HP / capacidade: 13 m³);UN;;;;1;;
01.015.000016;EQ;Motoniveladora sobre pneus diesel (potência nominal no volante do motor: 125 HP);UN;;;;1;;
01.015.000017;EQ;Rolo compactador autopropelido estático de pneus diesel (peso operacional: 6,5 t / potência: 74 HP);UN;;;;1;;
01.015.000018;EQ;Acabadora de superfície elétrica (potência: 2 HP);UN;;;;1;;
01.015.000019;EQ;Régua vibratória dupla elétrica para concreto (potência: 1 HP / faixa de trabalho: 4 m);UN;;;;1;;
01.015.000020;EQ;Tanque espargidor com bomba (capacidade: 6000 l);UN;;;;1;;
01.015.000021;EQ;Usina de asfalto (potência: 125 kW / capacidade: 110 t/h);UN;;;;1;;
01.015.000022;EQ;Rolo compactador autopropelido vibratório tipo tandem com cilindros lisos em aço diesel (potência 83 HP / peso operacional: 7,4 t);UN;;;;1;;
01.015.000023;EQ;Motoescreiper sobre pneus diesel escrêiper tipo padrão (capacidade coroada do escrêiper: 17 m³  / potência nominal no volante do motor: 365 HP);UN;;;;1;;
01.015.000024;EQ;Motoniveladora sobre pneus diesel lâmina tipo reta (potência nominal no volante do motor: 140 HP);UN;;;;1;;
01.015.000025;EQ;Rolo compactador autopropelido estático de pneus diesel (Peso operacional: 6 t / potência: 99 HP);UN;;;;1;;
01.015.000026;EQ;Acabadora de superfície elétrica (potência: 3 HP);UN;;;;1;;
01.015.000027;EQ;Usina de solos elétrica (potência: 111 kW / capacidade: 300 t/h);UN;;;;1;;
01.015.000028;EQ;Rolo compactador autopropelido vibratório tipo tandem com cilindros lisos em aço diesel (potência 130 HP / peso operacional: 10 t);UN;;;;1;;
01.015.000029;EQ;Motoescreiper sobre pneus diesel escrêiper tipo acionado em tandem (capacidade coroada do escrêiper: 26 m³  / potência do escrêiper: 283 HP / potência nominal no volante do motor: 500 HP);UN;;;;1;;
01.015.000030;EQ;Motoniveladora sobre pneus diesel lâmina tipo reta (potência nominal no volante do motor: 165 HP);UN;;;;1;;
01.015.000031;EQ;Rolo compactador autopropelido vibratório com pneus de tração e cilindro liso em aço diesel (Peso operacional: 7,1 t / potência: 80 HP);UN;;;;1;;
01.015.000032;EQ;Acabadora de superfície gasolina (potência: 4 HP);UN;;;;1;;
01.015.000033;EQ;Usina de solos elétrica (potência: 176 kW / capacidade: 600 t/h);UN;;;;1;;
01.015.000034;EQ;Rolo compactador rebocável estático pé-de-carneiro simples (peso operacional: 3 t);UN;;;;1;;
01.015.000035;EQ;Motoniveladora sobre pneus diesel lâmina tipo reta (potência nominal no volante do motor: 180 HP);UN;;;;1;;
01.015.000036;EQ;Rolo compactador autopropelido vibratório com pneus de tração e cilindro liso em aço diesel (Peso operacional: 11,2 t / potência: 150 HP);UN;;;;1;;
01.015.000037;EQ;Vassoura mecânica mecânica rebocável (faixa de trabalho: 2,44 m);UN;;;;1;;
01.015.000038;EQ;Rolo compactador rebocável estático pé-de-carneiro duplo (peso operacional: 6 t);UN;;;;1;;
01.015.000039;EQ;Motoniveladora sobre pneus diesel lâmina tipo reta (potência nominal no volante do motor: 135 HP);UN;;;;1;;
01.015.000040;EQ;Rolo compactador autopropelido vibratório com pneus de tração e cilindro liso em aço diesel (Peso operacional: 15,35 t / potência: 150 HP);UN;;;;1;;
01.015.000041;EQ;Vibroacabadora sobre esteiras diesel (potência: 77 HP);UN;;;;1;;
01.015.000042;EQ;Rolo compactador rebocável vibratório liso (peso operacional: 3,8 t);UN;;;;1;;
01.015.000043;EQ;Motoniveladora sobre pneus diesel lâmina tipo reta (potência nominal no volante do motor: 220 HP);UN;;;;1;;
01.015.000044;EQ;Rolo compactador autopropelido vibratório com pneus de tração e cilindro pé-de-carneiro em aço diesel (Peso operacional: 8,8 t / potência: 83 HP);UN;;;;1;;
01.015.000045;EQ;Vibroacabadora sobre pneus diesel (potência: 77 HP);UN;;;;1;;
01.015.000046;EQ;Rolo compactador rebocável vibratório pé-de-carneiro (peso operacional: 4,5 t);UN;;;;1;;
01.015.000047;EQ;Rolo compactador autopropelido vibratório com pneus de tração e cilindro pé-de-carneiro em aço diesel (Peso operacional: 11,6 t / potência: 150 HP);UN;;;;1;;
01.019.000002;EQ;Esmeril de chicote elétrico (potência: 1 HP);UN;;;;1;;
01.019.000003;EQ;Furadeira de impacto elétrica (potência: 0,65 kW / diâmetro do mandril: 5/8");UN;;;;1;;
01.027.000001;EQ;Martelete elétrico (potência: 1 kW / capacidade para furos diâmetro: 30 mm);UN;;;;1;;
01.027.000002;EQ;Martelete elétrico (potência: 1,5 kW / capacidade para furos diâmetro: 28 mm);UN;;;;1;;
01.027.000003;EQ;Martelete gasolina (potência: 2 kW / capacidade para furos diâmetro: 32 mm);UN;;;;1;;
01.027.000004;EQ;Martelete pneumático (capacidade de furos diâmetro: 32 mm);UN;;;;1;;
01.027.000005;EQ;Perfuratriz hidráulica autopropelida sobre esteiras diesel (potência 431 HP / capacidade de furos diâmetro: 110 a 165 mm);UN;;;;1;;
01.027.000006;EQ;Perfuratriz pneumática manual (capacidade de furos diâmetro: 27 a 40 mm);UN;;;;1;;
01.027.000007;EQ;Perfuratriz pneumática sobre esteiras (capacidade de furos diâmetro: até  115 mm);UN;;;;1;;
01.028.000005;EQ;Carregadeira de rodas com caçamba com bordas cortantes aparafusáveis diesel para aplicação geral (capacidade nominal da caçamba: 3,30 m³ / capacidade rasa da caçamba: 2,82 m³ / potência nominal no volante: 211 HP / profundidade de escavação: 92 mm);UN;;;;1;;
01.028.000007;EQ;Carregadeira de rodas com caçamba com borda padrão bico-de-pato diesel para rocha (capacidade nominal da caçamba: 11,5 m³ / capacidade rasa da caçamba: 9,45 m³ / potência nominal no volante: 800 HP / profundidade de escavação: 165 mm);H PROD;;;;1;;
01.028.000009;EQ;Carregadeira de rodas com caçamba com bordas cortantes aparafusáveis diesel para aplicação geral (capacidade nominal da caçamba: 2,80 m³ / capacidade rasa da caçamba: 2,41 m³/ potência nominal no volante: 160 HP / profundidade: 50 mm);UN;;;;1;;
01.028.000010;EQ;Carregadeira de rodas com caçamba com borda padrão bico-de-pato diesel para rocha (capacidade nominal da caçamba: 15,00 m³ / capacidade rasa da caçamba: 12,80 m³ / potência nominal no volante: 1250 HP / profundidade de escavação: 68 mm);H PROD;;;;1;;
01.028.000011;EQ;Compactador de placa vibratória elétrica (potência: 3 HP);UN;;;;1;;
01.028.000012;EQ;Compactador de placa vibratória elétrica (potência: 7,5 HP);UN;;;;1;;
01.028.000013;EQ;Retroescavadeira sobre pneus diesel (capacidade: 0,18 e 0,76 m³ / potência: 77 HP);UN;;;;1;;
01.028.000014;EQ;Compactador de placa vibratória gasolina (impacto: 1600 kg / peso: 129 kg / potência: 5,4 HP);UN;;;;1;;
01.028.000015;EQ;Compactador de placa vibratória gasolina (potência: 10,5 HP);UN;;;;1;;
01.028.000016;EQ;Minicarregadeira diesel caçamba tipo aplicação múltipla com borda cortante aparafusável (capacidade nominal da caçamba: 0,40 m³,  / largura da caçamba: 66 " / potência: 48 HP);UN;;;;1;;
01.028.000017;EQ;Minicarregadeira diesel caçamba tipo aplicação múltipla com borda cortante aparafusável (capacidade nominal da caçamba: 0,33 m³  / largura da caçamba: 66 " / potência: 57 HP );UN;;;;1;;
01.028.000018;EQ;Minicarregadeira diesel caçamba tipo aplicação geral com borda cortante aparafusável (capacidade nominal da caçamba: 0,44 m³  / largura da caçamba: 72 " / potência: 68 HP);UN;;;;1;;
01.028.000019;EQ;Minicarregadeira diesel caçamba tipo aplicação geral com dentes aparafusáveis (capacidade nominal da caçamba: 0,45 m³  / largura da caçamba: 72 " / potência: 76 HP);UN;;;;1;;
01.028.000020;EQ;Minicarregadeira diesel caçamba tipo aplicação múltipla com borda cortante aparafusável (capacidade nominal da caçamba: 0,37 m³  / largura da caçamba: 72 " / potência: 75 HP );UN;;;;1;;
01.028.000021;EQ;Escavadeira hidráulica sobre esteiras diesel (potência: 84 HP / capacidade: 0,78 m³);UN;;;;1;;
01.028.000022;EQ;Escavadeira hidráulica sobre esteiras diesel com caçamba de escavação (capacidade da caçamba coroada: 1,30 m³ / potência: 162 HP);UN;;;;1;;
01.028.000023;EQ;Escavadeira hidráulica sobre esteiras diesel com caçamba de escavação (capacidade da caçamba coroada: 1,61 m³ / potência: 188 HP);UN;;;;1;;
01.028.000024;EQ;Escavadeira hidráulica sobre esteiras diesel com caçamba de escavação (capacidade da caçamba coroada: 2,20 m³ / potência: 247 HP);UN;;;;1;;
01.028.000025;EQ;Escavadeira hidráulica sobre esteiras diesel com caçamba de escavação muito rigorosa (capacidade da caçamba coroada: 3,10 m³ / potência: 321 HP);UN;;;;1;;
01.028.000026;EQ;Escavadeira hidráulica sobre esteiras diesel com caçamba de escavação (capacidade da caçamba coroada: 3,50 m³ / potência: 404 HP);UN;;;;1;;
01.028.000027;EQ;Escavadeira hidráulica sobre esteiras diesel com caçamba de escavação de grande volume (capacidade da caçamba coroada: 5,80 m³ / potência: 513 HP);UN;;;;1;;
01.028.000028;EQ;Escavadeira hidráulica sobre esteiras diesel (potência: 99 HP / capacidade: 0,84 m³);UN;;;;1;;
01.028.000029;EQ;Escavadeira hidráulica sobre esteiras diesel (potência: 138 HP / capacidade: 1,5 m³);UN;;;;1;;
01.028.000030;EQ;Escavadeira hidráulica sobre esteiras diesel (potência: 168 HP / capacidade: 1,9 m³);UN;;;;1;;
01.028.000031;EQ;Escavadeira hidráulica sobre esteiras diesel (potência: 222 HP / capacidade: 2,1 m³);UN;;;;1;;
01.028.000032;EQ;Escavadeira hidráulica sobre esteiras diesel (potência: 290 HP / capacidade: 2,6 m³);UN;;;;1;;
01.028.000033;EQ;Escavadeira hidráulica sobre esteiras diesel com caçamba de escavação (capacidade da caçamba coroada: 0,72 m³ / potência: 90 HP);UN;;;;1;;
01.028.000034;EQ;Escavadeira hidráulica sobre esteiras diesel com caçamba de escavação (capacidade da caçamba coroada: 0,86 m³ / potência: 110 HP);UN;;;;1;;
01.028.000035;EQ;Escavadeira hidráulica sobre esteiras diesel com caçamba de escavação (capacidade da caçamba coroada: 1,61 m³ / potência: 138 HP);UN;;;;1;;
01.028.000036;EQ;Grade de disco ( faixa de trabalho: 3,5 m);UN;;;;1;;
01.028.000037;EQ;Carregadeira dumper diesel (potência: 18 HP / capacidade: 2 t);UN;;;;1;;
01.028.000038;EQ;Carregadeira de rodas com caçamba com bordas cortantes aparafusáveis diesel para aplicação geral (capacidade nominal da caçamba: 2,1 m³ / capacidade rasa da caçamba: 1,7 m³ / potência nominal no volante: 129 HP / profundidade de escavação: 50 mm);UN;;;;1;;
01.028.000039;EQ;Pá-carregadeira sobre pneus diesel (capacidade: 2,1 m³ / potência: 114 HP);UN;;;;1;;
01.028.000040;EQ;Compactador de placa vibratória gasolina (potência: 4 HP);UN;;;;1;;
01.028.000041;EQ;Retroescavadeira sobre pneus diesel braço tipo padrão caçamba tipo paralela de múltiplas aplicações (alcance de carregamento: 1742 mm / capacidade nominal da caçamba: 1,03 m³ / potência nominal no volante do motor: 92 HP / profundidade de escavação: 4850;UN;;;;1;;
01.028.000042;EQ;Retroescavadeira sobre pneus diesel braço tipo padrão caçamba tipo dianteira paralela padrão de aplicação geral (alcance de carregamento: 1742 mm / capacidade nominal da caçamba: 1 m³ / potência nominal no volante do motor: 85 HP / profundidade de escavaç;UN;;;;1;;
01.028.000043;EQ;Retroescavadeira sobre pneus diesel braço tipo padrão caçamba tipo dianteira de inclinação simples e aplicação geral (alcance de carregamento: 1732 mm / capacidade nominal da caçamba: 0,96 m³ / potência nominal no volante do motor: 76 HP / profundidade de;UN;;;;1;;
01.028.000044;EQ;Pá-carregadeira sobre pneus diesel (capacidade: 4 m³ / potência: 235 HP);UN;;;;1;;
01.028.000045;EQ;Pá-carregadeira sobre pneus diesel (capacidade: 2,8 m³ / potência: 145 HP);UN;;;;1;;
01.028.000046;EQ;Carregadeira de rodas com caçamba com bordas cortantes aparafusáveis diesel para aplicação geral (capacidade nominal da caçamba: 4,00 m³ / capacidade rasa da caçamba: 3,43 m³ / potência nominal no volante: 262 HP / profundidade de escavação: 108 mm);H PROD;;;;1;;
01.028.000047;EQ;Pá-carregadeira sobre pneus diesel (capacidade: 3,3 m³ / potência: 180 HP);UN;;;;1;;
01.028.000048;EQ;Compactador de placa vibratória diesel (impacto: 5624 kg / peso: 440 kg / potência: 10 HP);UN;;;;1;;
01.028.000049;EQ;Retroescavadeira sobre pneus diesel (capacidade: 0,3 e 1 m³ / potência: 98 HP);UN;;;;1;;
01.028.000050;EQ;Compactador de placa vibratória gasolina (potência: 6 HP);UN;;;;1;;
01.028.000051;EQ;Retroescavadeira sobre pneus diesel braço tipo padrão caçamba tipo dianteira de inclinação simples e aplicação geral (alcance de carregamento: 1823 mm / capacidade nominal da caçamba: 1,07 m³ / potência nominal no volante do motor: 100 HP / profundidade d;UN;;;;1;;
01.028.000052;EQ;Pá-carregadeira sobre pneus diesel (capacidade: 3,8 m³ / potência: 200 HP);UN;;;;1;;
01.028.000053;EQ;Carregadeira de rodas com caçamba com bordas cortantes aparafusáveis diesel para aplicação geral (capacidade nominal da caçamba: 2,00 m³ / capacidade rasa da caçamba: 1,70 m³ / potência nominal no volante: 143 HP / profundidade de escavação: 86 mm);UN;;;;1;;
01.028.000054;EQ;Pá-carregadeira sobre pneus diesel (capacidade: 5,7 m³ / potência: 300 HP);UN;;;;1;;
01.028.000055;EQ;Compactador de placa vibratória diesel (impacto: 3000 kg / peso: 162 kg / potência: 4,7 HP);UN;;;;1;;
01.028.000056;EQ;Retroescavadeira sobre pneus diesel (capacidade: 0,24 e 0,88 m³ / potência: 85 HP);UN;;;;1;;
01.036.000004;EQ;Caminhão toco diesel (capacidade: 4 t/ potência: 120 CV);UN;;;;1;;
01.036.000005;EQ;Caminhão fora-de-estrada diesel (potência: 264 HP / capacidade carga útil: 25,5 t/caçamba: 13,5 m³);UN;;;;1;;
01.036.000007;EQ;Carreta com caçamba basculante semi-reboque rebaixado 3 eixos (capacidade carga útil: 35 t / caçamba: 25 m³);UN;;;;1;;
01.036.000008;EQ;Caminhão toco diesel (capacidade: 19,8 t/ potência: 231 CV);UN;;;;1;;
01.036.000009;EQ;Cavalo mecânico diesel (capacidade: 15 t / potência: 335 HP);UN;;;;1;;
01.036.000010;EQ;Carroceria de madeira (comprimento: 9 m);UN;;;;1;;
01.036.000011;EQ;Caminhão toco diesel (capacidade: 14 t /potência: 264 CV);UN;;;;1;;
01.036.000012;EQ;Cavalo mecânico diesel (capacidade: 16 t / potência: 396 HP);UN;;;;1;;
01.036.000013;EQ;Carreta carrega tudo semi-reboque rebaixado 2 eixos (capacidade carga útil: 35 t);UN;;;;1;;
01.036.000014;EQ;Carroceria de madeira (comprimento: 4,2 m);UN;;;;1;;
01.036.000015;EQ;Caminhão truck diesel (capacidade: 8,6 t / potência: 170 CV);UN;;;;1;;
01.036.000016;EQ;Caminhão fora-de-estrada diesel (potência: 311 HP / capacidade carga útil: 27,2 t/caçamba: 18 m³);UN;;;;1;;
01.036.000017;EQ;Carroceria de madeira (comprimento: 5,8 m);UN;;;;1;;
01.036.000018;EQ;Caminhão toco diesel (capacidade: 15,46 t/ potência: 211 CV);UN;;;;1;;
01.036.000019;EQ;Caminhão fora-de-estrada diesel (potência: 400 HP / capacidade carga útil: 32 t/caçamba: 24,8 m³);UN;;;;1;;
01.036.000020;EQ;Carroceria de madeira (comprimento: 7,1 m);UN;;;;1;;
01.036.000021;EQ;Caminhão toco diesel (capacidade: 16 t/ potência: 264 CV);UN;;;;1;;
01.036.000022;EQ;Cavalo mecânico diesel tandem duplo (capacidade: 23 t / potência: 396 HP);UN;;;;1;;
01.036.000023;EQ;Carreta carrega tudo semi-reboque rebaixado (capacidade carga útil: 45 t);UN;;;;1;;
01.037.000004;EQ;Guindaste hidráulico autopropelido sobre pneus (capacidade: 30 t / potência: 175 HP);UN;;;;1;;
01.037.000006;EQ;Grua móvel elétrica (capacidade: 0,8 t / potência: 5 HP);UN;;;;1;;
01.037.000007;EQ;Grua móvel elétrica (capacidade: 1,2 t / potência: 7,5 HP);UN;;;;1;;
01.037.000008;EQ;Grua móvel elétrica (capacidade: 3 t / potência: 15 HP);UN;;;;1;;
01.037.000009;EQ;Grua fixa elétrica (capacidade: 4 t / potência: 16 HP);UN;;;;1;;
01.037.000010;EQ;Grua fixa elétrica (capacidade: 5 t / potência: 33 HP);UN;;;;1;;
01.037.000011;EQ;Guindaste mecânico autopropelido sobre pneus (capacidade: 68 t / potência: 200 HP);UN;;;;1;;
01.037.000012;EQ;Guincho automático elétrico (potência: 15 HP / capacidade: 1,2 t);UN;;;;1;;
01.037.000013;EQ;Guindaste hidráulico autopropelido sobre pneus (capacidade: 10 t / potência: 124 HP);UN;;;;1;;
01.037.000014;EQ;Guincho automático elétrico (potência: 20 HP / capacidade: 1,2 t);UN;;;;1;;
01.037.000015;EQ;Guindaste hidráulico montado sobre chassi de caminhão diesel (potência: 228 HP / capacidade: 30 t);UN;;;;1;;
01.037.000016;EQ;Guindauto (capacidade: 7 t);UN;;;;1;;
01.037.000017;EQ;Guindauto (capacidade: 4,5 t);UN;;;;1;;
01.037.000018;EQ;Guindaste hidráulico montado sobre chassi de caminhão diesel (potência: 375 HP / capacidade: 27 t);UN;;;;1;;
01.037.000019;EQ;Talha manual (capacidade: 1,5 t);UN;;;;1;;
01.038.000001;EQ;Kombi álcool (capacidade: 1 t / potência: 80 HP);UN;;;;1;;
01.038.000002;EQ;Kombi gasolina (capacidade: 1 t / potência: 78 HP);UN;;;;1;;
01.038.000003;EQ;Pick-up álcool (potência: 103 HP / capacidade carga útil: 0,7 t);UN;;;;1;;
01.038.000004;EQ;Pick-up diesel (potência: 133 HP / capacidade carga útil: 1 t);UN;;;;1;;
01.038.000005;EQ;Pick-up gasolina (potência: 150 HP / capacidade carga útil: 0,8 t);UN;;;;1;;
01.038.000006;EQ;Pick-up gasolina (potência: 101 HP / capacidade carga útil: 0,7 t);UN;;;;1;;
01.041.000002;EQ;Caçamba (capacidade: 5 m³);UN;;;;1;;
01.041.000003;EQ;Caçamba (capacidade: 12 m³);UN;;;;1;;
01.041.000004;EQ;Caçamba (capacidade: 6 m³);UN;;;;1;;
01.041.000005;EQ;Empilhadeira diesel (capacidade: 7,5 t / potência: 82 HP);UN;;;;1;;
01.041.000006;EQ;Empilhadeira diesel (capacidade: 3 t / potência: 57 HP);UN;;;;1;;
02.002.000002;EQ;Fôrma de Polipropileno para laje nervurada (altura: 150 mm / comprimento: 0,570 m / largura: 0,600 m);LOC/UN/DIA;;;;1;;
02.002.000011;EQ;Fôrma de Polipropileno para laje nervurada (altura: 425 mm / comprimento: 1,125 m / largura: 0,525 m) -;LOC/UN/DIA;;;;1;;
02.002.000014;EQ;Perfil cartola de chapa dobrada 13 de aço galvanizado 1020 (abas: 2,5 cm / altura: 2,5 cm / largura: 3,0 cm );LOC/M/DIA;;;;1;;
02.002.000015;EQ;Perfil cartola de chapa dobrada 13 de aço galvanizado 1020 (abas: 2,5 cm / altura: 2,5 cm / largura: 7,5 cm );LOC/M/DIA;;;;1;;
02.003.000001;EQ;Escora metálica (altura - intervalo: 2,00 a 3,20 m);LOC/UN/MÊS;;;;1;;
02.003.000002;EQ;Tubo metálico equipado para cimbramento (diâmetro da seção: 1 1/2 ");LOC/M/MÊS;;;;1;;
02.004.000001;EQ;Elevador de obra com torre de 10 m sistema pinhão-cremalheira para transporte de pessoas ou cargas (altura máx. elevação: 120 m / capacidade de carga: 700 kg / dimensões internas da cabine: 2,00x1,00x2,10 m / percurso máx. do carro: 115 m / velocidade: 36;LOC/MÊS;;;;1;;
02.004.000002;EQ;Elevador de obra com torre de 10 m tração a cabo de aco para transporte de pessoas ou cargas (capacidade de carga: 1000 kg / dimensões internas da cabine: 1,83x1,50x2,00 m / percurso máx. do carro: 144 m / velocidade: 22 m/min / altura máx. elevação: 120;LOC/MÊS;;;;1;;
02.005.000001;EQ;Lava-jato água fria e água quente (pressão: 1700 psi);LOC/UN/H;;;;1;;
02.005.000002;EQ;Lava-jato água fria (pressão: 1700 psi);LOC/UN/H;;;;1;;
02.006.000001;EQ;Central de injeção de resina com tanque regulador de pressão e compressor de ar;LOC/UN/H;;;;1;;
02.007.000001;EQ;Lixadeira angular manual elétrica (diâmetro: 7 " / potência: 2200 W / rotação: 6600 rpm);LOC/UN/DIA;;;;1;;
02.009.000001;EQ;Rebarbador elétrico inclusive ponteiros;LOC/UN/H;;;;1;;
02.010.000001;EQ;Fresadora e escarificadora mecânica;LOC/UN/H;;;;1;;
