codigo;Tipo;Serviços contratados;unid;quant;Preço de compra total;Preço de compra unitario;Outras Despesas;Custo unitario;SERV.TERC.
01.001.000001;SET;Sondagem a percussão com spt (diâmetro: 2 1/2 ");M;1,0;1;1;;1;;
01.002.000002;SET;Estaca pré-moldada concreto protendido cravada - seção circular maciça (carga admissível: 18 tf / adensamento: por vibração  / área da seção cheia: 177,00 cm² / bitola nominal: 15,00 cm / massa nominal;M;1,0;1;1;;1;;
01.002.000003;SET;Estaca pré-moldada concreto protendido cravada - seção circular maciça (adensamento: por vibração  / área da seção cheia: 227,00 cm² / bitola nominal: 17 cm / carga admissível: 25 tf / massa nominal: 5;M;1,0;1;1;;1;;
01.002.000004;SET;Estaca pré-moldada concreto protendido cravada - seção circular maciça (área da seção cheia: 314,00 cm² / bitola nominal: 20,00 cm / adensamento: por vibração  / carga admissível: 36 tf / massa nominal;M;1,0;1;1;;1;;
01.002.000005;SET;Estaca pré-moldada concreto armado cravada - seção octagonal vazada (área da seção: 1015 cm² / adensamento: vibração  / carga admissível: 138 tf / diâmetro da seção: 360 mm / massa linear: 197 kg/m / p;M;1,0;1;1;;1;;
01.002.000006;SET;Estaca pré-moldada concreto protendido cravada - seção circular maciça (adensamento: por vibração  / área da seção cheia: 415,00 cm² / bitola nominal: 23,00 cm / carga admissível: 50 tf / massa nominal;M;1,0;1;1;;1;;
01.002.000008;SET;Estaca pré-moldada concreto protendido cravada - seção circular vazada (área da seção cheia: 607,00 cm² / adensamento: por vibração  / bitola nominal: 33,00 cm / carga admissível: 75,00 tf / espessura ;M;1,0;1;1;;1;;
01.002.000009;SET;Estaca tipo strauss moldada "in loco" - mão-de-obra e equipamento (diâmetro da seção: 320 mm / capacidade de carga: 30 t);M;1,0;1;1;;1;;
01.002.000010;SET;Estaca tipo strauss moldada "in loco" - mão-de-obra e equipamento (diâmetro da seção: 380 mm / capacidade de carga: 40 t);M;1,0;1;1;;1;;
01.002.000011;SET;Estaca tipo strauss moldada "in loco" - mão-de-obra e equipamento (diâmetro da seção: 450 mm / capacidade de carga: 60 t);M;1,0;1;1;;1;;
01.002.000012;SET;Estaca pré-moldada concreto protendido cravada - seção quadrada (adensamento: vibração  / comprimento da seção: 170 mm / massa linear: 73 kg/m / perímetro: 68 cm / largura da seção: 170 mm / carga admi;M;1,0;1;1;;1;;
01.002.000013;SET;Estaca tipo  franki moldada "in loco" - mão-de-obra e equipamento (diâmetro da seção: 520 mm / capacidade de carga: 130 t);M;1,0;1;1;;1;;
01.002.000014;SET;Estaca tipo  franki moldada "in loco" - mão-de-obra e equipamento (diâmetro da seção: 400 mm / capacidade de carga: 75 t);M;1,0;1;1;;1;;
01.002.000015;SET;Estaca tipo  franki moldada "in loco" - mão-de-obra e equipamento (capacidade de carga: 55 t / diâmetro da seção: 350 mm);M;1,0;1;1;;1;;
01.002.000016;SET;Estaca pré-moldada concreto armado cravada - seção octagonal vazada (perímetro: 132 cm / adensamento: vibração  / área da seção: 1324 cm² / carga admissível: 158 tf / diâmetro da seção: 420 mm / massa ;M;1,0;1;1;;1;;
01.002.000017;SET;Estaca pré-moldada concreto protendido cravada - seção quadrada (adensamento: vibração  / comprimento da seção: 265 mm / massa linear: 175 kg/m / perímetro: 106 cm / largura da seção: 265 mm / carga ad;M;1,0;1;1;;1;;
01.002.000018;SET;Estaca tipo strauss moldada "in loco" - mão-de-obra e equipamento (diâmetro da seção: 250 mm / capacidade de carga: 20 t);M;1,0;1;1;;1;;
01.002.000019;SET;Estaca tipo  franki moldada "in loco" - mão-de-obra e equipamento (diâmetro da seção: 450 mm / capacidade de carga: 95 t);M;1,0;1;1;;1;;
01.002.000020;SET;Estaca pré-moldada concreto protendido cravada - seção quadrada (adensamento: vibração  / comprimento da seção: 235 mm / massa linear: 138 kg/m / perímetro: 94 cm / largura da seção: 235 mm / carga adm;M;1,0;1;1;;1;;
01.002.000021;SET;Estaca tipo  franki moldada "in loco" - mão-de-obra e equipamento (diâmetro da seção: 600 mm / capacidade de carga: 170 t);M;1,0;1;1;;1;;
01.003.000001;SET;Solda topo em perfil metálico "I" duplo 10" (largura nominal: 118,40 mm / altura nominal: 254,00 mm / espessura: 7,90 mm / massa linear: 37,80 kg/m);UN;1,0;1;1;;1;;
01.003.000002;SET;Solda topo em perfil metálico "I" duplo 12" (largura nominal: 133,40 mm / altura nominal: 304,80 mm / espessura: 11,70 mm / massa linear: 60,70 kg/m);UN;1,0;1;1;;1;;
01.003.000003;SET;Solda topo em perfil metálico "I" 10" (largura nominal: 118,40 mm / altura nominal: 254,00 mm / espessura: 7,90 mm / massa linear: 37,80 kg/m);UN;1,0;1;1;;1;;
01.003.000004;SET;Solda topo em perfil metálico "I" 12" (largura nominal: 133,40 mm / altura nominal: 304,80 mm / espessura: 11,70 mm / massa linear: 60,70 kg/m);UN;1,0;1;1;;1;;
01.003.000005;SET;Solda longitudinal em perfil metálico "I";M;1,0;1;1;;1;;
01.005.000001;SET;Serviços de hidrossemeadura;HA;1,0;1;1;;1;;
01.006.000001;SET;Furo em concreto com broca de vídea, utilizando martele elétrico (diâmetro da broca: 3/8 " / profundidade do furo: até 15 cm);UN;1,0;1;1;;1;;
01.006.000002;SET;Furo em concreto com coroa diamantada, utilizando perfuratriz elétrica (profundidade do furo: até 40 cm / diâmetro da broca: 2 a 2 1/4 ");UN;1,0;1;1;;1;;
01.006.000003;SET;Furo em concreto com coroa diamantada, utilizando perfuratriz elétrica (diâmetro da broca: 3 a 3 1/4 " / profundidade do furo: até 40 cm);UN;1,0;1;1;;1;;
01.006.000004;SET;Furo em concreto com coroa diamantada, utilizando perfuratriz elétrica (diâmetro da broca: 4 a 4 1/4 " / profundidade do furo: até 40 cm);UN;1,0;1;1;;1;;
01.006.000005;SET;Furo em concreto com coroa diamantada, utilizando perfuratriz elétrica (profundidade do furo: até 40 cm / diâmetro da broca: 5 a 5 1/4 ");UN;1,0;1;1;;1;;
01.006.000006;SET;Furo em concreto com coroa diamantada, utilizando perfuratriz elétrica (diâmetro da broca: 6 a 6 1/4 " / profundidade do furo: até 40 cm);UN;1,0;1;1;;1;;
01.006.000007;SET;Furo em concreto com coroa diamantada, utilizando perfuratriz elétrica (diâmetro da broca: 8 a 8 1/4 " / profundidade do furo: até 40 cm);UN;1,0;1;1;;1;;
01.006.000008;SET;Furo em concreto com broca de vídea, utilizando martele elétrico (diâmetro da broca: 3/8 " / profundidade do furo: 5 cm);UN;1,0;1;1;;1;;
01.006.000009;SET;Furo em concreto com broca de vídea, utilizando martele elétrico (diâmetro da broca: 1/2 " / profundidade do furo: 5 cm);UN;1,0;1;1;;1;;
01.006.000010;SET;Furo em concreto com broca de vídea, utilizando martele elétrico (diâmetro da broca: 5/8 " / profundidade do furo: 5 cm);UN;1,0;1;1;;1;;
01.006.000011;SET;Furo em concreto com broca de vídea, utilizando martele elétrico (diâmetro da broca: 3/4 " / profundidade do furo: 5 cm);UN;1,0;1;1;;1;;
01.006.000012;SET;Furo em concreto com broca de vídea, utilizando martele elétrico (profundidade do furo: até 15 cm / diâmetro da broca: 1/2 ");UN;1,0;1;1;;1;;
01.006.000013;SET;Furo em concreto com broca de vídea, utilizando martele elétrico (diâmetro da broca: 1 " / profundidade do furo: 5 cm);UN;1,0;1;1;;1;;
01.006.000014;SET;Furo em concreto com broca de vídea, utilizando martele elétrico (profundidade do furo: 5 cm / diâmetro da broca: 1 1/4 ");UN;1,0;1;1;;1;;
01.006.000015;SET;Furo em concreto com broca de vídea, utilizando martele elétrico (diâmetro da broca: 1 1/2 " / profundidade do furo: 5 cm);UN;1,0;1;1;;1;;
01.006.000016;SET;Furo em concreto com broca de vídea, utilizando martele elétrico (diâmetro da broca: 3/8 " / profundidade do furo: 10 cm);UN;1,0;1;1;;1;;
01.006.000017;SET;Furo em concreto com broca de vídea, utilizando martele elétrico (diâmetro da broca: 1/2 " / profundidade do furo: 10 cm);UN;1,0;1;1;;1;;
01.006.000018;SET;Furo em concreto com broca de vídea, utilizando martele elétrico (diâmetro da broca: 5/8 " / profundidade do furo: 10 cm);UN;1,0;1;1;;1;;
01.006.000019;SET;Furo em concreto com broca de vídea, utilizando martele elétrico (profundidade do furo: 10 cm / diâmetro da broca: 3/4 ");UN;1,0;1;1;;1;;
01.006.000020;SET;Furo em concreto com broca de vídea, utilizando martele elétrico (profundidade do furo: 10 cm / diâmetro da broca: 1 ");UN;1,0;1;1;;1;;
01.006.000021;SET;Furo em concreto com broca de vídea, utilizando martele elétrico (diâmetro da broca: 1 1/4 " / profundidade do furo: 10 cm);UN;1,0;1;1;;1;;
01.006.000022;SET;Furo em concreto com broca de vídea, utilizando martele elétrico (diâmetro da broca: 1 1/2 " / profundidade do furo: 10 cm);UN;1,0;1;1;;1;;
01.006.000023;SET;Furo em concreto com broca de vídea, utilizando martele elétrico (profundidade do furo: até 15 cm / diâmetro da broca: 5/8 ");UN;1,0;1;1;;1;;
01.006.000024;SET;Furo em concreto com broca de vídea, utilizando martele elétrico (profundidade do furo: até 15 cm / diâmetro da broca: 3/4 ");UN;1,0;1;1;;1;;
01.006.000025;SET;Furo em concreto com broca de vídea, utilizando martele elétrico (diâmetro da broca: 1 " / profundidade do furo: até 15 cm);UN;1,0;1;1;;1;;
01.006.000026;SET;Furo em concreto com broca de vídea, utilizando martele elétrico (diâmetro da broca: 1 1/4 " / profundidade do furo: até 15 cm);UN;1,0;1;1;;1;;
01.006.000027;SET;Furo em concreto com broca de vídea, utilizando martele elétrico (diâmetro da broca: 1 1/2 " / profundidade do furo: até 15 cm);UN;1,0;1;1;;1;;
01.006.000028;SET;Furo em concreto com coroa diamantada, utilizando perfuratriz elétrica (profundidade do furo: até 40 cm / diâmetro da broca: 3/8 a 3/4 ");UN;1,0;1;1;;1;;
01.006.000029;SET;Furo em concreto com coroa diamantada, utilizando perfuratriz elétrica (profundidade do furo: até 40 cm / diâmetro da broca: 7/8 a 1 3/4 ");UN;1,0;1;1;;1;;
01.006.000030;SET;Corte em concreto com discos diamantados para pisos e lajes (profundidade de corte: 13 cm);M;1,0;1;1;;1;;
01.006.000031;SET;Corte em concreto com discos diamantados para pisos e lajes (profundidade de corte: 20 cm);M;1,0;1;1;;1;;
01.006.000032;SET;Corte em concreto com discos diamantados para pisos e lajes (profundidade de corte: 50 cm);M;1,0;1;1;;1;;
01.006.000033;SET;Corte em concreto com discos diamantados para paredes e muros (espessura do corte: até 68 cm);M²;1,0;1;1;;1;;
01.006.000034;SET;Corte em concreto com fio diamantada para estruturas de concreto;M²;1,0;1;1;;1;;
01.006.000035;SET;Corte em concreto com discos diamantados para pisos e lajes (profundidade do corte: 5 cm);M;1,0;1;1;;1;;
01.007.000001;SET;Painel em aço zincado pré-pintado com duas faces e miolo em eps para revestimento de coberturas e fachadas (espessura da chapa metálica: 0,5 mm / densidade eps: 14,50 kg/m³ / peso próprio: 10,63 kg/m² / espessura do isolante: 50 mm / coeficiente transmiss;M²;1,0;1;1;;1;;
01.007.000002;SET;Painel em aço zincado pré-pintado com duas faces e miolo em eps para revestimento de coberturas e fachadas (espessura da chapa metálica: 0,5 mm / densidade eps: 14,50 kg/m³ / peso próprio: 10,99 kg/m² / espessura do isolante: 75 mm / coeficiente transmiss;M²;1,0;1;1;;1;;
01.007.000003;SET;Painel em aço zincado pré-pintado com duas faces e miolo em eps para revestimento de coberturas e fachadas (densidade eps: 14,50 kg/m³ / espessura da chapa metálica: 0,5 mm / peso próprio: 9,54 kg/m² / espessura do isolante: 100 mm / coeficiente transmiss;M²;1,0;1;1;;1;;
01.007.000004;SET;Painel em aço zincado pré-pintado com duas faces e miolo em eps para revestimento de coberturas e fachadas (densidade eps: 14,50 kg/m³ / peso próprio: 9,90 kg/m² / espessura do isolante: 125 mm / coeficiente transmissão de calor: 0,3483 kcal/m²h°C / espes;M²;1,0;1;1;;1;;
01.007.000005;SET;Painel em aço zincado pré-pintado com duas faces e miolo em eps para revestimento de coberturas e fachadas (espessura da chapa metálica: 0,5 mm / densidade eps: 14,50 kg/m³ / peso próprio: 10,26 kg/m² / espessura do isolante: 150 mm / coeficiente transmis;M²;1,0;1;1;;1;;
01.007.000006;SET;Painel em aço com duas faces e miolo em lã de rocha para revestimento de fachadas (espessura da chapa metálica: 0,50 mm / densidade da lã de rocha: 80 kg/m³ / largura útil: 1140 mm  / comprimento total: 10678 mm  / vão máximo autoportante: 1825 mm  / espe;M²;1,0;1;1;;1;;
01.007.000007;SET;Painel em aço zincado pré-pintado com duas faces e miolo em lã de rocha para revestimento de fachadas (espessura da chapa metálica: 0,5 mm / densidade da lã de rocha: 100 kg/m³ / peso próprio: 21,59 kg/m² / espessura do isolante: 125 mm / coeficiente tran;M²;1,0;1;1;;1;;
01.007.000008;SET;Painel em aço zincado pré-pintado com duas faces e miolo em lã de rocha para revestimento de fachadas (espessura da chapa metálica: 0,5 mm / densidade da lã de rocha: 100 kg/m³ / peso próprio: 24,09 kg/m² / espessura do isolante: 150 mm / coeficiente tran;M²;1,0;1;1;;1;;
01.007.000009;SET;Painel em aço zincado pré-pintado com duas faces e miolo em lã de rocha para revestimento de fachadas (espessura da chapa metálica: 0,5 mm / densidade da lã de rocha: 100 kg/m³ / peso próprio: 29,09 kg/m² / espessura do isolante: 200 mm / coeficiente tran;M²;1,0;1;1;;1;;
01.007.000010;SET;Painel em aço zincado pré-pintado com duas faces e miolo em eps para revestimento de fachadas (espessura da chapa metálica: 0,5 mm / densidade eps: 14,50 kg/m³ / peso próprio: 9,82 kg/m² / espessura do isolante: 50 mm / coeficiente transmissão de calor: 0;M²;1,0;1;1;;1;;
01.007.000011;SET;Painel em aço zincado pré-pintado com duas faces e miolo em eps para revestimento de fachadas (peso próprio: 10,18 kg/m² / espessura do isolante: 75 mm / coeficiente transmissão de calor: 0,3483 kcal/m²h°C / espessura da chapa metálica: 0,5 mm / densidade;M²;1,0;1;1;;1;;
01.007.000012;SET;Painel em aço zincado pré-pintado com duas faces e miolo em eps para revestimento de fachadas (espessura da chapa metálica: 0,5 mm / densidade eps: 14,5 kg/m³ / peso próprio: 10,54 kg/m² / espessura do isolante: 100 mm / coeficiente transmissão de calor:;M²;1,0;1;1;;1;;
01.007.000013;SET;Painel em aço zincado pré-pintado com duas faces e miolo em eps para revestimento de fachadas (espessura da chapa metálica: 0,5 mm / densidade eps: 14,5 kg/m³ / peso próprio: 10,9 kg/m² / espessura do isolante: 125 mm / coeficiente transmissão de calor: 0;M²;1,0;1;1;;1;;
01.007.000014;SET;Painel em aço zincado pré-pintado com duas faces e miolo em eps para revestimento de fachadas (espessura da chapa metálica: 0,5 mm / densidade eps: 14,5 kg/m³ / peso próprio: 11,27 kg/m² / espessura do isolante: 150 mm / coeficiente transmissão de calor:;M²;1,0;1;1;;1;;
01.007.000015;SET;Painel em aço zincado pré-pintado com duas faces e miolo em eps para revestimento de fachadas (espessura da chapa metálica: 0,5 mm / densidade eps: 14,5 kg/m³ / peso próprio: 11,99 kg/m² / espessura do isolante: 200 mm / coeficiente transmissão de calor:;M²;1,0;1;1;;1;;
01.007.000016;SET;Painel em aço com duas faces e miolo em lã de rocha para revestimento de fachadas (espessura da chapa metálica: 0,5 mm / espessura do isolante: 75 mm / densidade da lã de rocha: 80 kg/m³ / coeficiente transmissão de calor: 0,4246 kcal/m²h°C);M²;1,0;1;1;;1;;
01.007.000017;SET;Painel em aço com duas faces e miolo em lã de rocha para revestimento de fachadas (espessura da chapa metálica: 0,5 mm / densidade da lã de rocha: 80 kg/m³ / espessura do isolante: 100 mm / coeficiente transmissão de calor: 0,3453 kcal/m²h°C);M²;1,0;1;1;;1;;
01.007.000018;SET;Painel em aço com duas faces e miolo em lã de rocha para revestimento de fachadas (densidade da lã de rocha: 80 kg/m³ / espessura do isolante: 125 mm / coeficiente transmissão de calor: 0,28 kcal/m²h°C / espessura da chapa metálica: 0,5 mm);M²;1,0;1;1;;1;;
01.007.000019;SET;Painel em aço com duas faces e miolo em lã de rocha para revestimento de fachadas (espessura da chapa metálica: 0,5 mm / densidade da lã de rocha: 80 kg/m³ / espessura do isolante: 150 mm / coeficiente transmissão de calor: 0,2242 kcal/m²h°C);M²;1,0;1;1;;1;;
01.007.000020;SET;Painel em aço com duas faces e miolo em lã de rocha para revestimento de fachadas (espessura da chapa metálica: 0,5 mm / densidade da lã de rocha: 80 kg/m³ / espessura do isolante: 200 mm / coeficiente transmissão de calor: 0,1786 kcal/m²h°C);M²;1,0;1;1;;1;;
01.007.000021;SET;Painel em aço zincado pré-pintado com duas faces e miolo em lã de rocha para revestimento de fachadas (espessura da chapa metálica: 0,5 mm / densidade da lã de rocha: 100 kg/m³ / peso próprio: 14,09 kg/m² / espessura do isolante: 50 mm / coeficiente trans;M²;1,0;1;1;;1;;
01.007.000022;SET;Painel em aço zincado pré-pintado com duas faces e miolo em lã de rocha para revestimento de fachadas (espessura da chapa metálica: 0,5 mm / densidade da lã de rocha: 100 kg/m³ / peso próprio: 16,59 kg/m² / espessura do isolante: 75 mm / coeficiente trans;M²;1,0;1;1;;1;;
01.007.000023;SET;Painel em aço zincado pré-pintado com duas faces e miolo em lã de rocha para revestimento de fachadas (espessura da chapa metálica: 0,5 mm / densidade da lã de rocha: 100 kg/m³ / peso próprio: 19,09 kg/m² / espessura do isolante: 100 mm / coeficiente tran;M²;1,0;1;1;;1;;
01.008.000002;SET;Parede de gesso acartonado dupla (espessura: 125,00 mm / altura: 3,75 m);M²;1,0;1;1;;1;;
01.008.000003;SET;Parede de gesso acartonado simples (altura: 3,15 m / espessura: 100,00 mm);M²;1,0;1;1;;1;;
01.008.000004;SET;Painel de gesso acartonado simples com bordas rebaixadas com colagem direta em alvenaria inclusive material de acabamento para locais secos (largura: 1,20 m / comprimento: 3,00 m / espessura: 12,50 mm);M²;1,0;1;1;;1;;
01.009.000002;SET;Parede de gesso acartonado para local úmido (espessura: 100,00 mm / altura: 3,15 m);M²;1,0;1;1;;1;;
01.009.000003;SET;Divisória pré-moldada de granilite  (espessura: 30 mm);M²;1,0;1;1;;1;;
01.011.000001;SET;Estrutura para cobertura em aço a36, inclusive montagem;KG;1,0;1;1;;1;;
01.012.000003;SET;Porta corta-fogo, colocada dupla (isolação: 90 min / largura: 1,60 m / altura: 2,10 m);UN;1,0;1;1;;1;;
01.012.000004;SET;Portão automático de madeira, com lâminas de madeira tipo assoalho em posição vertical (altura: 3000 mm / sistema de automação: basculante  / fluxo de veículos: baixo  / largura: 5000 mm);UN;1,0;1;1;;1;;
01.012.000005;SET;Portão automático de madeira, com lâminas de madeira tipo assoalho em posição vertical (largura: 3500 mm / altura: 1800 mm / sistema de automação: deslizante  / fluxo de veículos: baixo );UN;1,0;1;1;;1;;
01.012.000006;SET;Portão automático de madeira, com lâminas de madeira tipo assoalho em posição vertical (altura: 1800 mm / fluxo de veículos: alto  / largura: 3500 mm / sistema de automação: deslizante);UN;1,0;1;1;;1;;
01.012.000007;SET;Portão automático de madeira, com lâminas de madeira tipo assoalho em posição vertical (fluxo de veículos: baixo  / largura: 4000 mm / altura: 2100 mm / sistema de automação: deslizante );UN;1,0;1;1;;1;;
01.012.000008;SET;Portão automático de madeira, com lâminas de madeira tipo assoalho em posição vertical (largura: 4000 mm / altura: 2100 mm / sistema de automação: deslizante  / fluxo de veículos: alto );UN;1,0;1;1;;1;;
01.012.000009;SET;Portão automático de madeira, com lâminas de madeira tipo assoalho em posição vertical (largura: 5000 mm / altura: 3000 mm / sistema de automação: deslizante  / fluxo de veículos: baixo );UN;1,0;1;1;;1;;
01.012.000010;SET;Portão automático de madeira, com lâminas de madeira tipo assoalho em posição vertical (largura: 5000 mm / fluxo de veículos: alto  / sistema de automação: deslizante  / altura: 3000 mm);UN;1,0;1;1;;1;;
01.012.000012;SET;Portão automático de madeira, duas folhas, com lâminas de madeira tipo assoalho em posição vertical (fluxo de veículos: alto  / largura: 3500 mm / sistema de automação: pivotante  / altura: 1800 mm);UN;1,0;1;1;;1;;
01.012.000013;SET;Portão automático em chapa de aço galvanizada, duas folhas, com chapas de aço tipo deck em posição vertical (fluxo de veículos: alto  / altura: 1800 mm / sistema de automação: pivotante  / largura: 3500 mm);UN;1,0;1;1;;1;;
01.012.000014;SET;Portão automático em chapa de aço galvanizada, duas folhas, com chapas de aço tipo deck em posição vertical (fluxo de veículos: baixo  / altura: 2100 mm / largura: 4000 mm / sistema de automação: pivotante );UN;1,0;1;1;;1;;
01.012.000015;SET;Portão automático em chapa de aço galvanizada, duas folhas, com chapas de aço tipo deck em posição vertical (fluxo de veículos: baixo  / altura: 3000 mm / largura: 5000 mm / sistema de automação: pivotante );UN;1,0;1;1;;1;;
01.012.000016;SET;Portão automático em chapa de aço galvanizada, duas folhas, com chapas de aço tipo deck em posição vertical (largura: 5000 mm / fluxo de veículos: alto  / altura: 3000 mm / sistema de automação: pivotante );UN;1,0;1;1;;1;;
01.012.000017;SET;Portão automático em chapa de aço galvanizada, com chapas de aço tipo deck em posição vertical (largura: 3500 mm / fluxo de veículos: alto  / altura: 1800 mm / sistema de automação: basculante );UN;1,0;1;1;;1;;
01.012.000018;SET;Portão automático em chapa de aço galvanizada, com chapas de aço tipo deck em posição vertical (fluxo de veículos: baixo  / altura: 1800 mm / largura: 3500 mm / sistema de automação: basculante );UN;1,0;1;1;;1;;
01.012.000019;SET;Portão automático em chapa de aço galvanizada, com chapas de aço tipo deck em posição vertical (largura: 2100 mm / fluxo de veículos: alto  / altura: 4000 mm / sistema de automação: basculante );UN;1,0;1;1;;1;;
01.012.000020;SET;Portão automático em chapa de aço galvanizada, com chapas de aço tipo deck em posição vertical (fluxo de veículos: baixo  / altura: 2100 mm / sistema de automação: basculante  / largura: 4000 mm);UN;1,0;1;1;;1;;
01.012.000021;SET;Portão automático em chapa de aço galvanizada, com chapas de aço tipo deck em posição vertical (fluxo de veículos: alto  / altura: 3000 mm / largura: 5000 mm / sistema de automação: basculante );UN;1,0;1;1;;1;;
01.012.000022;SET;Portão automático em chapa de aço galvanizada, com chapas de aço tipo deck em posição vertical (fluxo de veículos: baixo  / altura: 3000 mm / largura: 5000 mm / sistema de automação: basculante );UN;1,0;1;1;;1;;
01.012.000023;SET;Portão automático de madeira, duas folhas, com lâminas de madeira tipo assoalho em posição vertical (altura: 2100 mm / fluxo de veículos: baixo  / largura: 4000 mm / sistema de automação: pivotante );UN;1,0;1;1;;1;;
01.012.000024;SET;Portão automático em chapa de aço galvanizada, com chapas de aço tipo deck em posição vertical (largura: 3500 mm / fluxo de veículos: baixo  / altura: 1800 mm / sistema de automação: deslizante );UN;1,0;1;1;;1;;
01.012.000025;SET;Portão automático em chapa de aço galvanizada, com chapas de aço tipo deck em posição vertical (fluxo de veículos: alto  / altura: 1800 mm / largura: 3500 mm / sistema de automação: deslizante );UN;1,0;1;1;;1;;
01.012.000026;SET;Portão automático em chapa de aço galvanizada, com chapas de aço tipo deck em posição vertical (largura: 4000 mm / fluxo de veículos: baixo  / altura: 2100 mm / sistema de automação: deslizante );UN;1,0;1;1;;1;;
01.012.000027;SET;Portão automático em chapa de aço galvanizada, com chapas de aço tipo deck em posição vertical (fluxo de veículos: alto  / altura: 2100 mm / largura: 4000 mm / sistema de automação: deslizante );UN;1,0;1;1;;1;;
01.012.000028;SET;Portão automático em chapa de aço galvanizada, com chapas de aço tipo deck em posição vertical (largura: 5000 mm / fluxo de veículos: baixo  / altura: 3000 mm / sistema de automação: deslizante );UN;1,0;1;1;;1;;
01.012.000029;SET;Portão automático em chapa de aço galvanizada, com chapas de aço tipo deck em posição vertical (fluxo de veículos: alto  / altura: 3000 mm / sistema de automação: deslizante  / largura: 5000 mm);UN;1,0;1;1;;1;;
01.012.000030;SET;Portão automático em chapa de alumínio, duas folhas, com chapas de alumínio tipo lambril em posição vertical (fluxo de veículos: baixo  / altura: 1800 mm / largura: 3500 mm / sistema de automação: pivotante );UN;1,0;1;1;;1;;
01.012.000031;SET;Portão automático em chapa de alumínio, duas folhas, com chapas de alumínio tipo lambril em posição vertical (largura: 3500 mm / fluxo de veículos: alto  / altura: 1800 mm / sistema de automação: pivotante );UN;1,0;1;1;;1;;
01.012.000032;SET;Portão automático em chapa de alumínio, duas folhas, com chapas de alumínio tipo lambril em posição vertical (largura: 4000 mm / fluxo de veículos: baixo  / altura: 2100 mm / sistema de automação: pivotante );UN;1,0;1;1;;1;;
01.012.000033;SET;Portão automático em chapa de alumínio, duas folhas, com chapas de alumínio tipo lambril em posição vertical (fluxo de veículos: alto  / altura: 2100 mm / largura: 4000 mm / sistema de automação: pivotante );UN;1,0;1;1;;1;;
01.012.000034;SET;Portão automático de madeira, duas folhas, com lâminas de madeira tipo assoalho em posição vertical (altura: 2100 mm / fluxo de veículos: alto  / largura: 4000 mm / sistema de automação: pivotante );UN;1,0;1;1;;1;;
01.012.000035;SET;Portão automático em chapa de alumínio, duas folhas, com chapas de alumínio tipo lambril em posição vertical (largura: 5000 mm / fluxo de veículos: baixo  / sistema de automação: pivotante  / altura: 3000 mm);UN;1,0;1;1;;1;;
01.012.000036;SET;Portão automático em chapa de alumínio, duas folhas, com chapas de alumínio tipo lambril em posição vertical (largura: 5000 mm / fluxo de veículos: alto  / altura: 3000 mm / sistema de automação: pivotante );UN;1,0;1;1;;1;;
01.012.000037;SET;Portão automático em chapa de alumínio, com chapas de alumínio tipo lambril em posição vertical (altura: 1800 mm / fluxo de veículos: alto  / sistema de automação: basculante  / largura: 3500 mm);UN;1,0;1;1;;1;;
01.012.000038;SET;Portão automático em chapa de alumínio, com chapas de alumínio tipo lambril em posição vertical (largura: 3500 mm / fluxo de veículos: baixo  / altura: 1800 mm / sistema de automação: basculante );UN;1,0;1;1;;1;;
01.012.000039;SET;Portão automático em chapa de alumínio, com chapas de alumínio tipo lambril em posição vertical (fluxo de veículos: alto  / altura: 2100 mm / sistema de automação: basculante  / largura: 4000 mm);UN;1,0;1;1;;1;;
01.012.000040;SET;Portão automático em chapa de alumínio, com chapas de alumínio tipo lambril em posição vertical (fluxo de veículos: baixo  / altura: 2100 mm / largura: 4000 mm / sistema de automação: basculante );UN;1,0;1;1;;1;;
01.012.000041;SET;Portão automático em chapa de alumínio, com chapas de alumínio tipo lambril em posição vertical (largura: 5000 mm / fluxo de veículos: alto  / altura: 3000 mm / sistema de automação: basculante );UN;1,0;1;1;;1;;
01.012.000042;SET;Portão automático em chapa de alumínio, com chapas de alumínio tipo lambril em posição vertical (largura: 5000 mm / fluxo de veículos: baixo  / altura: 3000 mm / sistema de automação: basculante );UN;1,0;1;1;;1;;
01.012.000043;SET;Portão automático em chapa de alumínio, com chapas de alumínio tipo lambril em posição vertical (largura: 3500 mm / fluxo de veículos: baixo  / altura: 1800 mm / sistema de automação: deslizante );UN;1,0;1;1;;1;;
01.012.000044;SET;Portão automático em chapa de alumínio, com chapas de alumínio tipo lambril em posição vertical (largura: 3500 mm / fluxo de veículos: alto  / altura: 1800 mm / sistema de automação: deslizante );UN;1,0;1;1;;1;;
01.012.000045;SET;Portão automático de madeira, duas folhas, com lâminas de madeira tipo assoalho em posição vertical (altura: 3000 mm / fluxo de veículos: baixo  / largura: 5000 mm / sistema de automação: pivotante );UN;1,0;1;1;;1;;
01.012.000046;SET;Portão automático em chapa de alumínio, com chapas de alumínio tipo lambril em posição vertical (largura: 4000 mm / fluxo de veículos: baixo  / altura: 2100 mm / sistema de automação: deslizante );UN;1,0;1;1;;1;;
01.012.000047;SET;Portão automático em chapa de alumínio, com chapas de alumínio tipo lambril em posição vertical (largura: 4000 mm / fluxo de veículos: alto  / altura: 2100 mm / sistema de automação: deslizante );UN;1,0;1;1;;1;;
01.012.000048;SET;Portão automático em chapa de alumínio, com chapas de alumínio tipo lambril em posição vertical (largura: 5000 mm / fluxo de veículos: baixo  / altura: 3000 mm / sistema de automação: deslizante );UN;1,0;1;1;;1;;
01.012.000049;SET;Portão automático em chapa de alumínio, com chapas de alumínio tipo lambril em posição vertical (fluxo de veículos: alto  / largura: 5000 mm / altura: 3000 mm / sistema de automação: deslizante );UN;1,0;1;1;;1;;
01.012.000050;SET;Portão automático em chapa de aço galvanizada, duas folhas, com chapas de aço tipo deck em posição vertical (largura: 4000 mm / fluxo de veículos: alto  / altura: 2100 mm / sistema de automação: pivotante );UN;1,0;1;1;;1;;
01.012.000051;SET;Portão automático de madeira, duas folhas, com lâminas de madeira tipo assoalho em posição vertical (altura: 3000 mm / fluxo de veículos: alto  / largura: 5000 mm / sistema de automação: pivotante );UN;1,0;1;1;;1;;
01.012.000052;SET;Portão automático de madeira, com lâminas de madeira tipo assoalho em posição vertical (fluxo de veículos: alto  / largura: 3500 mm / altura: 1800 mm / sistema de automação: basculante );UN;1,0;1;1;;1;;
01.012.000053;SET;Portão automático de madeira, com lâminas de madeira tipo assoalho em posição vertical (altura: 1800 mm / fluxo de veículos: baixo  / largura: 3500 mm / sistema de automação: basculante);UN;1,0;1;1;;1;;
01.012.000054;SET;Portão automático de madeira, com lâminas de madeira tipo assoalho em posição vertical (largura: 4000 mm / altura: 2100 mm / fluxo de veículos: baixo  / sistema de automação: basculante );UN;1,0;1;1;;1;;
01.012.000055;SET;Porta corta-fogo industrial automática, colocada, de correr, com contrapeso (área - intervalo: 1,00 a 2,50 m²);M²;1,0;1;1;;1;;
01.012.000056;SET;Portão automático de madeira, com lâminas de madeira tipo assoalho em posição vertical (fluxo de veículos: alto  / largura: 5000 mm / sistema de automação: basculante  / altura: 3000 mm);UN;1,0;1;1;;1;;
01.012.000057;SET;Portão automático de madeira, duas folhas, com lâminas de madeira tipo assoalho em posição vertical (fluxo de veículos: baixo  / altura: 1800 mm / largura: 3500 mm / sistema de automação: pivotante );UN;1,0;1;1;;1;;
01.012.000058;SET;Porta corta-fogo, colocada  (altura: 2,10 m / isolação: 90 min / largura: 0,80 m);UN;1,0;1;1;;1;;
01.012.000059;SET;Portão automático de madeira, com lâminas de madeira tipo assoalho em posição vertical (largura: 4000 mm / altura: 2100 mm / sistema de automação: basculante  / fluxo de veículos: alto );UN;1,0;1;1;;1;;
01.013.000001;SET;Porta automática social, com abertura por sensor de microondas, uma fotocélula, uma folha fixa e uma móvel com vidro liso temperado, caixilho de alumínio com acabamento anodizado fosco (altura: 2200 mm / espessura do vidro: 10 mm / fluxo de pessoas: alto ;UN;1,0;1;1;;1;;
01.013.000002;SET;Porta automática social, com abertura por sensor de microondas, uma fotocélula, uma folha fixa e duas móveis com vidro liso temperado, caixilho de alumínio com acabamento anodizado fosco (altura: 2200 mm / espessura do vidro: 10 mm / fluxo de pessoas: bai;UN;1,0;1;1;;1;;
01.013.000003;SET;Porta automática social, com abertura por sensor de microondas, uma fotocélula, duas folhas fixas e quatro móveis com vidro liso temperado, caixilho de alumínio com acabamento anodizado fosco (altura: 2200 mm / espessura do vidro: 10 mm / fluxo de pessoas;UN;1,0;1;1;;1;;
01.013.000004;SET;Porta automática social, com abertura por sensor de microondas, uma fotocélula, duas folhas fixas e quatro móveis com vidro liso temperado, caixilho de alumínio com acabamento anodizado fosco (altura: 2200 mm / espessura do vidro: 10 mm / fluxo de pessoas;UN;1,0;1;1;;1;;
01.013.000005;SET;Porta automática social, com abertura por sensor de microondas, uma fotocélula, uma folha fixa e uma móvel com vidro liso temperado, caixilho de alumínio com acabamento anodizado fosco (altura: 2200 mm / espessura do vidro: 10 mm / fluxo de pessoas: baixo;UN;1,0;1;1;;1;;
01.013.000006;SET;Porta automática social, com abertura por sensor de microondas, uma fotocélula, uma folha fixa e uma móvel com vidro liso temperado (altura: 2200 mm / espessura do vidro: 10 mm / fluxo de pessoas: alto  / largura: 2500 mm / sistema de automação: deslizant;UN;1,0;1;1;;1;;
01.013.000007;SET;Porta automática social, com abertura por sensor de microondas, uma fotocélula, uma folha fixa e uma móvel com vidro liso temperado (altura: 2200 mm / espessura do vidro: 10 mm / fluxo de pessoas: baixo  / largura: 2500 mm / sistema de automação: deslizan;UN;1,0;1;1;;1;;
01.013.000008;SET;Porta automática social, com abertura por sensor de microondas, uma fotocélula, duas folhas fixas e duas móveis com vidro liso temperado, caixilho de alumínio com acabamento anodizado fosco (altura: 2200 mm / espessura do vidro: 10 mm / fluxo de pessoas: ;UN;1,0;1;1;;1;;
01.013.000009;SET;Porta automática social, com abertura por sensor de microondas, uma fotocélula, duas folhas fixas e duas móveis com vidro liso temperado, caixilho de alumínio com acabamento anodizado fosco (altura: 2200 mm / espessura do vidro: 10 mm / fluxo de pessoas: ;UN;1,0;1;1;;1;;
01.013.000010;SET;Porta automática social, com abertura por sensor de microondas, uma fotocélula, duas folhas fixas e duas móveis com vidro liso temperado (fluxo de pessoas: baixo  / espessura do vidro: 10 mm / altura: 2200 mm / largura: 3500 mm / sistema de automação: des;UN;1,0;1;1;;1;;
01.013.000011;SET;Porta automática social, com abertura por sensor de microondas, uma fotocélula, duas folhas fixas e duas móveis com vidro liso temperado (altura: 2200 mm / espessura do vidro: 10 mm / fluxo de pessoas: alto  / largura: 3500 mm / sistema de automação: desl;UN;1,0;1;1;;1;;
01.013.000012;SET;Porta automática social, com abertura por sensor de microondas, uma fotocélula, uma folha fixa e duas móveis com vidro liso temperado, caixilho de alumínio com acabamento anodizado fosco (altura: 2200 mm / espessura do vidro: 10 mm / fluxo de pessoas: alt;UN;1,0;1;1;;1;;
01.015.000004;SET;Degrau de granito - colocado (cor: cinza andorinha  / espessura: 30,00 mm / largura: 300,00 mm);M;1,0;1;1;;1;;
01.015.000005;SET;Espelho para degrau de arenito - colocado (altura: 200,00 mm / espessura: 30,00 mm);M;1,0;1;1;;1;;
01.015.000006;SET;Espelho para degrau de mármore - colocado (altura: 200,00 mm / espessura: 20,00 mm / cor: espírito santo );M;1,0;1;1;;1;;
01.015.000007;SET;Espelho para degrau de granito - colocado (altura: 200,00 mm / espessura: 20,00 mm / cor: cinza andorinha );M;1,0;1;1;;1;;
01.015.000008;SET;Granito natural - colocado para pisos (espessura: 30,00 mm / cor: cinza andorinha );M²;1,0;1;1;;1;;
01.015.000009;SET;Mármore colocado, para pisos (cor: branco espírito santo  / espessura: 20,00 mm);M²;1,0;1;1;;1;;
01.015.000010;SET;Mosaico português colocado (cor: branco e preto );M²;1,0;1;1;;1;;
01.015.000011;SET;Rodapé de mármore - colocado  (altura: 100,00 mm / espessura: 15,00 mm / cor: branco espirito santo );M;1,0;1;1;;1;;
01.015.000012;SET;Soleira de granito - colocada  (cor: cinza andorinha  / largura: 150,00 mm / espessura: 20,00 mm);M;1,0;1;1;;1;;
01.015.000013;SET;Soleira de granito - colocada  (cor: cinza andorinha  / largura: 250,00 mm / espessura: 20,00 mm);M;1,0;1;1;;1;;
01.015.000014;SET;Soleira mármore - colocada  (espessura: 20,00 mm / largura: 150,00 mm / cor: branco espirito santo );M;1,0;1;1;;1;;
01.015.000015;SET;Soleira mármore - colocada  (cor: branco espirito santo  / largura: 250,00 mm / espessura: 20,00 mm);M;1,0;1;1;;1;;
01.015.000016;SET;Arenito em placas colocado (comprimento: 470,00 mm / espessura: 25,00 mm / largura: 470,00 mm);M²;1,0;1;1;;1;;
01.015.000017;SET;Caco de mármore polido - colocado  (espessura: 5,00 mm);M²;1,0;1;1;;1;;
01.015.000018;SET;Rodapé de arenito - colocado  (altura: 100,00 mm / espessura: 15,00 mm);M;1,0;1;1;;1;;
01.015.000019;SET;Degrau (piso) de granilite - colocado;M;1,0;1;1;;1;;
01.015.000020;SET;Fechamento lateral para piso elevado colocado em chapa de aço galvanizado (espessura: 28,00 mm / altura: 150,00 mm);M;1,0;1;1;;1;;
01.015.000021;SET;Degrau de arenito - colocado (espessura: 30,00 mm / largura: 300,00 mm);M;1,0;1;1;;1;;
01.015.000022;SET;Espelho para degrau de granilite - colocado;M;1,0;1;1;;1;;
01.015.000023;SET;Degrau de mármore - colocado (largura: 300,00 mm / cor: espirito santo  / espessura: 30,00 mm);M;1,0;1;1;;1;;
01.015.000024;SET;Carpete de madeira, colocado estruturado (largura: 190,00 mm / comprimento: 1200,00 mm / espessura: 8,00 mm);M²;1,0;1;1;;1;;
01.016.000002;SET;Peitoril de granito tipo reto Cinza Andorinha (largura: 150,00 mm / espessura: 20,00 mm);M;1,0;1;1;;1;;
01.016.000003;SET;Peitoril de mármore Espirito Santo (largura: 150,00 mm / espessura: 20,00 mm);M;1,0;1;1;;1;;
01.016.000004;SET;Peitoril de granito tipo reto Cinza Andorinha (largura: 250,00 mm / espessura: 20,00 mm);M;1,0;1;1;;1;;
01.016.000005;SET;Peitoril de mármore Espirito Santo (largura: 250,00 mm / espessura: 20,00 mm);M;1,0;1;1;;1;;
01.016.000006;SET;Pedra mineira São Thomé serrada (espessura: 20,00 mm);M²;1,0;1;1;;1;;
01.016.000007;SET;Rodapé de granito Cinza Andorinha (largura: 150,00 mm / espessura: 20,00 mm);M;1,0;1;1;;1;;
01.016.000008;SET;Piso de granilite granulometria nº 1 (espessura: 10,00 mm);M²;1,0;1;1;;1;;
01.016.000009;SET;Piso elevado com placas de aço revestidas com laminado melamínico texturizado  (comprimento: 620 mm / largura: 620 mm / espessura: 28 mm / resistência a carga concentrada: 450 kg / resistência a carga distribuída: 1.250 kg/m²);M²;1,0;1;1;;1;;
01.020.000001;SET;Forro de gesso acartonado - colocado , fixo com acabamento monolítico com perfis em aço galvanizado (espessura: 12,5 mm);M²;1,0;1;1;;1;;
01.020.000002;SET;Forro de gesso acartonado - colocado , removível com perfil "t" de aço galvanizado (comprimento: 620 mm / espessura: 12,5 mm / largura: 620 mm);M²;1,0;1;1;;1;;
01.020.000003;SET;Forro de gesso acartonado - colocado , removível com perfil "t" de aço galvanizado (comprimento: 1250 mm / espessura: 12,5 mm / largura: 620 mm);M²;1,0;1;1;;1;;
01.020.000004;SET;Forro de gesso acartonado - colocado , fixo, com acabamento monolítico suspenso por pendurais de arame galvanizado nº18 (espessura: 12,50 mm);M²;1,0;1;1;;1;;
01.020.000005;SET;Forro de gesso liso tipo bisotado encaixe macho-fêmea (comprimento da placa: 60 cm / espessura: 30 mm / largura da placa: 60 cm);M²;1,0;1;1;;1;;
01.023.000001;SET;Papel de parede com superfície lisa - colocado  (largura: 0,50 m);M²;1,0;1;1;;1;;
01.028.000001;SET;Elevador de serviço com porta de abertura lateral (acabamento: laminado plástico  / número de paradas: 15  / quantidade de passageiros: 6  / velocidade: 1,0 m/s);UN;1,0;1;1;;1;;
01.028.000002;SET;Elevador de serviço com porta de abertura lateral (acabamento: laminado plástico  / número de paradas: 15  / quantidade de passageiros: 12  / velocidade: 1,0 m/s);UN;1,0;1;1;;1;;
01.028.000003;SET;Elevador de serviço com porta de abertura lateral (acabamento: laminado plástico  / número de paradas: 15  / quantidade de passageiros: 18  / velocidade: 1,0 m/s);UN;1,0;1;1;;1;;
01.028.000004;SET;Elevador social com porta de abertura central, corrimão de alumínio e espelho (acabamento: aço inoxidável escovado  / número de paradas: 15  / quantidade de passageiros: 6  / velocidade: 1,6 m/s);UN;1,0;1;1;;1;;
01.028.000005;SET;Elevador social com porta de abertura central, corrimão de alumínio e espelho (acabamento: aço inoxidável escovado  / número de paradas: 15  / quantidade de passageiros: 12  / velocidade: 1,6 m/s);UN;1,0;1;1;;1;;
01.028.000006;SET;Elevador social com porta de abertura central, corrimão de alumínio e espelho (número de paradas: 15  / acabamento: aço inoxidável escovado  / quantidade de passageiros: 18  / velocidade: 1,6 m/s);UN;1,0;1;1;;1;;
03.002.000001;MOE;Corte de perfil metálico perfil "I" 10" (espessura: 7,90 mm / massa linear: 37,80 kg/m / largura nominal: 118,40 mm / altura nominal: 254,00 mm);UN;1,0;1;1;;1;;
03.002.000002;MOE;Corte de perfil metálico perfil "I" 12" (largura nominal: 133,40 mm / altura nominal: 104,80 mm / espessura: 11,70 mm / massa linear: 60,70 kg/m);UN;1,0;1;1;;1;;
03.002.000003;MOE;Corte de perfil metálico perfil "I" 10" duplo (espessura: 11,70 mm / largura nominal: 118,40 mm / altura nominal: 304,80 mm / massa linear: 37,80 kg/m);UN;1,0;1;1;;1;;
03.002.000004;MOE;Corte de perfil metálico perfil "I" 12" duplo (largura nominal: 133,40 mm / altura nominal: 304,80 mm / espessura: 11,70 mm / massa linear: 60,70 kg/m);UN;1,0;1;1;;1;;
03.003.000001;MOE;Cravação de estaca metálica perfil "I" (altura nominal: 10 " / espessura: 7,90 mm / largura nominal: 118,40 mm / massa linear: 37,80 kg/m);M;1,0;1;1;;1;;
03.003.000002;MOE;Cravação de estaca metálica perfil "I" (massa linear: 60,70 kg/m / altura nominal: 12 " / espessura: 11,70 mm / largura nominal: 133,40 mm);M;1,0;1;1;;1;;
03.004.000001;MOE;Execução de piso cimentado;M²;1,0;1;1;;1;;
03.005.000001;MOE;Serviço de corte/dobra industrializado para aço CA 50/60;KG;1,0;1;1;;1;;
03.006.000001;MOE;Execução de alvenaria de vedação com blocos cerâmicos 9 x19 x19 cm;M²;1,0;1;1;;1;;
03.006.000002;MOE;Execução de alvenaria com tijolo comum 5,7 x 9 x 19 cm;M²;1,0;1;1;;1;;
03.006.000003;MOE;Execução de alvenaria estrutural com blocos cerâmicos 14 x 19 x 39 cm;M²;1,0;1;1;;1;;
03.006.000004;MOE;Execução de alvenaria estrutural com blocos cerâmicos 19 x 19 x 39 cm;M²;1,0;1;1;;1;;
03.006.000005;MOE;Execução de alvenaria de vedação com blocos de concreto 6,7 x 19 x 39 cm;M²;1,0;1;1;;1;;
03.006.000006;MOE;Execução de alvenaria de vedação com blocos de concreto 9 x 19 x 39 cm;M²;1,0;1;1;;1;;
03.006.000007;MOE;Execução de alvenaria de vedação com blocos de concreto 11,5 x 19 x 39 cm;M²;1,0;1;1;;1;;
03.006.000008;MOE;Execução de alvenaria de vedação com blocos de concreto 14 x 19 x 39 cm;M²;1,0;1;1;;1;;
03.006.000009;MOE;Execução de alvenaria de vedação com blocos de concreto 19 x 19 x 39 cm;M²;1,0;1;1;;1;;
03.006.000010;MOE;Execução de alvenaria estrutural com blocos de concreto 14 x 19 x 39 cm;M²;1,0;1;1;;1;;
03.006.000011;MOE;Execução de alvenaria estrutural com blocos de concreto 19 x 19 x 39 cm;M²;1,0;1;1;;1;;
03.007.000001;MOE;Impermeabilização com emulsão asfáltica;M²;1,0;1;1;;1;;
03.007.000002;MOE;Impermeabilização com manta asfáltica;M²;1,0;1;1;;1;;
03.008.000002;MOE;Instalação especializada com massa de vidro;M²;1,0;1;1;;1;;
03.008.000003;MOE;Instalação especializada de divisórias;M²;1,0;1;1;;1;;
03.009.000001;MOE;Pintura com tinta óleo com três demãos;M²;1,0;1;1;;1;;
03.009.000002;MOE;Pintura com tinta látex com duas demãos;M²;1,0;1;1;;1;;
03.009.000003;MOE;Pintura com tinta látex com três demãos;M²;1,0;1;1;;1;;
03.009.000004;MOE;Pintura com tinta óleo com duas demãos;M²;1,0;1;1;;1;;
03.010.000002;MOE;Aplicação de gesso em parede ou teto;M²;1,0;1;1;;1;;
03.010.000003;MOE;Aplicação de massa corrida com duas demãos;M²;1,0;1;1;;1;;
03.011.000002;MOE;Assentamento de piso cerâmico de porcelanato;M²;1,0;1;1;;1;;
03.011.000003;MOE;Assentamento de pastilhas;M²;1,0;1;1;;1;;
03.011.000004;MOE;Assentamento de piso cerâmico;M²;1,0;1;1;;1;;
03.011.000005;MOE;Assentamento de azulejos;M²;1,0;1;1;;1;;
03.012.000001;MOE;Instalação de forro;M²;1,0;1;1;;1;;
03.014.000001;MOE;Execução de reboco em parede externa;M²;1,0;1;1;;1;;
03.014.000002;MOE;Execução de reboco em parede interna;M²;1,0;1;1;;1;;
03.014.000003;MOE;Execução de reboco em teto;M²;1,0;1;1;;1;;
03.015.000002;MOE;Execução de chapisco em parede interna;M²;1,0;1;1;;1;;
03.015.000003;MOE;Execução de chapisco em parede externa;M²;1,0;1;1;;1;;
03.015.000004;MOE;Execução de chapisco em teto;M²;1,0;1;1;;1;;
03.016.000002;MOE;Execução de emboço em parede interna;M²;1,0;1;1;;1;;
03.016.000003;MOE;Execução de emboço em parede externa;M²;1,0;1;1;;1;;
03.016.000004;MOE;Execução de emboço em teto;M²;1,0;1;1;;1;;
03.021.000001;MOE;Execução de textura acrílica;M²;1,0;1;1;;1;;
03.023.000001;MOE;Serviço de montagem e instalação de elevador de obra sistema pinhão (altura da torre: 10,00 m);UN;1,0;1;1;;1;;
03.023.000002;MOE;Serviço de montagem e instalação de elevador de obra tração a cabo de aço (altura da torre: 10,00 m);UN;1,0;1;1;;1;;
03.024.000001;MOE;Serviço de desmontagem de elevador de obra sistema pinhão (altura da torre: 10,00 m);UN;1,0;1;1;;1;;
03.024.000002;MOE;Serviço de desmontagem de elevador de obra tração a cabo de aço (altura da torre: 10,00 m);UN;1,0;1;1;;1;;
06.003.000001;SER;Preparo de areia para argamassas-areia média - secagem e peneiramento;M³;1,0;1;1;;1;;
